-- MySQL dump 10.13  Distrib 8.0.41, for macos15 (arm64)
--
-- Host: 127.0.0.1    Database: db_grupo2
-- ------------------------------------------------------
-- Server version	8.0.40

/*!40101 SET @OLD_CHARACTER_SET_CLIENT=@@CHARACTER_SET_CLIENT */;
/*!40101 SET @OLD_CHARACTER_SET_RESULTS=@@CHARACTER_SET_RESULTS */;
/*!40101 SET @OLD_COLLATION_CONNECTION=@@COLLATION_CONNECTION */;
/*!50503 SET NAMES utf8 */;
/*!40103 SET @OLD_TIME_ZONE=@@TIME_ZONE */;
/*!40103 SET TIME_ZONE='+00:00' */;
/*!40014 SET @OLD_UNIQUE_CHECKS=@@UNIQUE_CHECKS, UNIQUE_CHECKS=0 */;
/*!40014 SET @OLD_FOREIGN_KEY_CHECKS=@@FOREIGN_KEY_CHECKS, FOREIGN_KEY_CHECKS=0 */;
/*!40101 SET @OLD_SQL_MODE=@@SQL_MODE, SQL_MODE='NO_AUTO_VALUE_ON_ZERO' */;
/*!40111 SET @OLD_SQL_NOTES=@@SQL_NOTES, SQL_NOTES=0 */;

--
-- Table structure for table `comentarios`
--

DROP TABLE IF EXISTS `comentarios`;
/*!40101 SET @saved_cs_client     = @@character_set_client */;
/*!50503 SET character_set_client = utf8mb4 */;
CREATE TABLE `comentarios` (
  `id` int unsigned NOT NULL AUTO_INCREMENT,
  `usuario_id` int unsigned NOT NULL,
  `producto_id` int unsigned NOT NULL,
  `comentario` text,
  `createdAt` timestamp NULL DEFAULT CURRENT_TIMESTAMP,
  `updatedAt` timestamp NULL DEFAULT CURRENT_TIMESTAMP ON UPDATE CURRENT_TIMESTAMP,
  `deletedAt` timestamp NULL DEFAULT NULL ON UPDATE CURRENT_TIMESTAMP,
  PRIMARY KEY (`id`),
  KEY `usuario_id` (`usuario_id`),
  KEY `producto_id` (`producto_id`),
  CONSTRAINT `comentarios_ibfk_1` FOREIGN KEY (`usuario_id`) REFERENCES `usuarios` (`id`),
  CONSTRAINT `comentarios_ibfk_2` FOREIGN KEY (`producto_id`) REFERENCES `productos` (`id`)
) ENGINE=InnoDB AUTO_INCREMENT=31 DEFAULT CHARSET=utf8mb4 COLLATE=utf8mb4_0900_ai_ci;
/*!40101 SET character_set_client = @saved_cs_client */;

--
-- Dumping data for table `comentarios`
--

LOCK TABLES `comentarios` WRITE;
/*!40000 ALTER TABLE `comentarios` DISABLE KEYS */;
INSERT INTO `comentarios` VALUES (1,1,1,'¡Muy buen producto!','2025-04-09 21:56:59','2025-04-09 21:56:59',NULL),(2,4,1,'¡Muy lindo!','2025-04-09 21:57:31','2025-04-09 21:57:31',NULL),(3,3,1,'¡Muy brillante!','2025-04-09 21:58:15','2025-04-09 21:58:15',NULL),(4,3,2,'¡Perfecto!','2025-04-09 21:58:36','2025-04-09 21:58:36',NULL),(5,5,2,'¡Divino!','2025-04-09 21:58:51','2025-04-09 21:58:51',NULL),(6,5,3,'¡Ideal!','2025-04-09 21:59:05','2025-04-09 21:59:05',NULL),(7,2,3,'¡Me quedo perfecto!','2025-04-09 21:59:18','2025-04-09 21:59:18',NULL),(8,2,4,'¡Muy lindo para regalar!','2025-04-09 21:59:46','2025-04-09 21:59:46',NULL),(9,1,4,'¡Elegante!','2025-04-09 22:00:01','2025-04-09 22:00:01',NULL),(10,1,5,'¡Lindo!','2025-04-09 22:00:23','2025-04-09 22:00:23',NULL),(11,4,5,'¡Hermoso!','2025-04-09 22:00:46','2025-04-09 22:00:46',NULL),(12,3,5,'¡Muy fino!','2025-04-09 22:01:01','2025-04-09 22:01:01',NULL),(13,3,4,'¡Muy fino!','2025-04-09 22:01:10','2025-04-09 22:01:10',NULL),(14,1,3,'¡Muy fino!','2025-04-09 22:01:37','2025-04-09 22:01:37',NULL),(15,1,6,'¡Delicado!','2025-04-09 22:02:23','2025-04-09 22:02:23',NULL),(16,4,6,'¡Perfecto!','2025-04-09 22:02:36','2025-04-09 22:02:36',NULL),(17,2,6,'¡Lo amo!','2025-04-09 22:02:50','2025-04-09 22:02:50',NULL),(18,2,7,'¡Lo amo!','2025-04-09 22:03:01','2025-04-09 22:03:01',NULL),(19,5,7,'¡Perfecto regalo para san valentin!','2025-04-09 22:03:19','2025-04-09 22:03:19',NULL),(20,3,7,'¡Cool!','2025-04-09 22:03:41','2025-04-09 22:03:41',NULL),(21,3,8,'¡Cool!','2025-04-09 22:03:48','2025-04-09 22:03:48',NULL),(22,2,8,'¡Combinan perfecto!','2025-04-09 22:04:04','2025-04-09 22:04:04',NULL),(23,4,8,'¡Complemento ideal!','2025-04-09 22:04:27','2025-04-09 22:04:27',NULL),(24,4,9,'¡Complemento ideal!','2025-04-09 22:04:39','2025-04-09 22:04:39',NULL),(25,1,9,'!El mas lindo!','2025-04-09 22:04:57','2025-04-09 22:04:57',NULL),(26,2,9,'!Muy buena calidad!','2025-04-09 22:05:14','2025-04-09 22:05:14',NULL),(27,2,10,'!Muy buena calidad!','2025-04-09 22:05:21','2025-04-09 22:05:21',NULL),(28,5,10,'!Hermosos!','2025-04-09 22:05:37','2025-04-09 22:05:37',NULL),(29,3,10,'!Divinos!','2025-04-09 22:05:55','2025-04-09 22:05:55',NULL),(30,3,2,'!Divinos!','2025-04-09 22:08:42','2025-04-09 22:08:42',NULL);
/*!40000 ALTER TABLE `comentarios` ENABLE KEYS */;
UNLOCK TABLES;

--
-- Table structure for table `productos`
--

DROP TABLE IF EXISTS `productos`;
/*!40101 SET @saved_cs_client     = @@character_set_client */;
/*!50503 SET character_set_client = utf8mb4 */;
CREATE TABLE `productos` (
  `id` int unsigned NOT NULL AUTO_INCREMENT,
  `usuario_id` int unsigned NOT NULL,
  `imagen_producto` text,
  `nombre_producto` varchar(200) DEFAULT NULL,
  `descripcion` text,
  `createdAt` timestamp NULL DEFAULT CURRENT_TIMESTAMP,
  `updatedAt` timestamp NULL DEFAULT CURRENT_TIMESTAMP ON UPDATE CURRENT_TIMESTAMP,
  `deletedAt` timestamp NULL DEFAULT NULL ON UPDATE CURRENT_TIMESTAMP,
  PRIMARY KEY (`id`),
  KEY `usuario_id` (`usuario_id`),
  CONSTRAINT `productos_ibfk_1` FOREIGN KEY (`usuario_id`) REFERENCES `usuarios` (`id`)
) ENGINE=InnoDB AUTO_INCREMENT=11 DEFAULT CHARSET=utf8mb4 COLLATE=utf8mb4_0900_ai_ci;
/*!40101 SET character_set_client = @saved_cs_client */;

--
-- Dumping data for table `productos`
--

LOCK TABLES `productos` WRITE;
/*!40000 ALTER TABLE `productos` DISABLE KEYS */;
INSERT INTO `productos` VALUES (1,1,'/images/products/anilloDoble.jpg','Anillo Doble','Anillo cubierto de oro, combinado con perlas naturales','2025-04-09 21:44:24','2025-04-09 21:44:24',NULL),(2,1,'/images/products/anilloHeart.jpg','Anillo Heart','Anillo cubierto de oro, con corazoncitos ','2025-04-09 21:45:53','2025-04-09 21:45:53',NULL),(3,2,'/images/products/aritosAmanfi.jpg','Aritos Amalfi','Aritos con perlas naturales','2025-04-09 21:46:49','2025-04-09 21:46:49',NULL),(4,2,'/images/products/collarAmanfi.jpg','Collar Amalfi','Collar con perlas naturales, perfecto para combinar con el anillo doble y los aritos','2025-04-09 21:49:27','2025-04-09 21:49:27',NULL),(5,3,'/images/products/collarHeart.jpg','Collar Heart','Collar cubierto de oro con un carazon','2025-04-09 21:50:28','2025-04-09 21:50:28',NULL),(6,3,'/images/products/collarPearl.jpg','Collar Pearl','collar chunky con perlas y charms','2025-04-09 21:51:20','2025-04-09 21:51:20',NULL),(7,4,'/images/products/collarRapunzel.jpg','Collar Rapunzel','Collar delicado con una flor al estilo rapunzel en el centro','2025-04-09 21:52:10','2025-04-09 21:52:10',NULL),(8,4,'/images/products/comboAurora.jpg','Combo Aurora','Combo de anillos dorados como la princesa','2025-04-09 21:52:58','2025-04-09 21:52:58',NULL),(9,5,'/images/products/comboGolden.jpg','Combo Golden','Set de collar y aros dorados con perlas','2025-04-09 21:53:42','2025-04-09 21:53:42',NULL),(10,5,'/images/products/arosPearl.jpg','Aros Pearl','Aros de oro con perlas naturales','2025-04-09 21:54:26','2025-04-09 21:54:26',NULL);
/*!40000 ALTER TABLE `productos` ENABLE KEYS */;
UNLOCK TABLES;

--
-- Table structure for table `usuarios`
--

DROP TABLE IF EXISTS `usuarios`;
/*!40101 SET @saved_cs_client     = @@character_set_client */;
/*!50503 SET character_set_client = utf8mb4 */;
CREATE TABLE `usuarios` (
  `id` int unsigned NOT NULL AUTO_INCREMENT,
  `email` varchar(500) NOT NULL,
  `contrasenia` varchar(200) DEFAULT NULL,
  `fecha_de_nacimiento` date DEFAULT NULL,
  `DNI` int unsigned NOT NULL,
  `foto_perfil` text,
  `createdAt` timestamp NULL DEFAULT CURRENT_TIMESTAMP,
  `updatedAt` timestamp NULL DEFAULT CURRENT_TIMESTAMP ON UPDATE CURRENT_TIMESTAMP,
  `deletedAt` timestamp NULL DEFAULT NULL ON UPDATE CURRENT_TIMESTAMP,
  PRIMARY KEY (`id`)
) ENGINE=InnoDB AUTO_INCREMENT=9 DEFAULT CHARSET=utf8mb4 COLLATE=utf8mb4_0900_ai_ci;
/*!40101 SET character_set_client = @saved_cs_client */;

--
-- Dumping data for table `usuarios`
--

LOCK TABLES `usuarios` WRITE;
/*!40000 ALTER TABLE `usuarios` DISABLE KEYS */;
INSERT INTO `usuarios` VALUES (1,'emiliamernes@gmail.com','jagger','2000-12-02',42956902,'/images/fotoPerfil.jpg','2025-04-09 21:29:11','2025-04-09 21:33:12','2025-04-09 21:33:12'),(2,'victoriawalton@gmail.com','flores','2002-10-22',42745902,'/images/fotoPerfil2.jpg','2025-04-09 21:35:29','2025-04-09 21:35:29',NULL),(3,'onabeitia@gmail.com','caracol','2010-12-04',42956657,'/images/fotoPerfil3.jpg','2025-04-09 21:36:21','2025-04-09 21:36:21',NULL),(4,'felichilo@gmail.com','pez','2005-11-24',42095657,'/images/fotoPerfil4.jpg','2025-04-09 21:36:57','2025-04-09 21:36:57',NULL),(5,'orisabatini@gmail.com','estornudo','2000-07-07',42093857,'/images/fotoPerfil5.jpg','2025-04-09 21:37:40','2025-04-09 21:37:40',NULL),(6,'vicwalto@gmail.com','$2b$10$PZa6x823Lj8VXjXUejZOVuuqD4xIp9.IxbWhRqc2RIlfYcBfRluge','2005-12-08',46877782,'https://encrypted-tbn0.gstatic.com/images?q=tbn:ANd9GcT1iGYRk5JYlRELwcXqRIUJiYRv06GhK9hDgA&s','2025-05-26 13:28:39','2025-05-26 13:28:39',NULL),(7,'onabeitia@icloud.com','$2b$10$Iqg.Kknnv.GC6UtTNxEfVuo6JbnGdg6cGMgol0X6JhKx8uRNG8YBG','2005-02-03',46853992,'data:image/jpeg;base64,/9j/4AAQSkZJRgABAQAAAQABAAD/2wCEAAkGBxITEhUSEhIWFRUWFhgXFRgYFxgXGBcYFhgaFhgVFRcYHSggGholGxYVITEhJSkrLi4uFx8zODMsNygtLisBCgoKDg0OGxAQGy0mHyUrMisvLS0tLSstLS0tLS0tLS0tLS0tLS0tLS0tLS0tLS0tLS0tLS0tLS0tLS0tLS0rLf/AABEIANoA5wMBIgACEQEDEQH/xAAcAAEAAwEBAQEBAAAAAAAAAAAABQYHBAMCCAH/xABAEAABAwEFBAcECAUEAwAAAAABAAIRAwQFEiExBkFRYQcTInGBkaEyscHwJEJSYnKy0eEUI5LC8UNTc4IVMzT/xAAZAQEAAwEBAAAAAAAAAAAAAAAAAgMEAQX/xAAlEQEBAAIBBAICAwEBAAAAAAAAAQIRAwQSITEiMkFRIzNxQhP/2gAMAwEAAhEDEQA/ANxREQEREHxWqhrS5xgAEknQAZklRV27T2Su7BSrtc7c0y0nuDgJ8E2xcRYbSRr1NT8pWP3Vs2alMPkg5EQfWeKrzz7atww7o3hFQNntpq1CKdsl9PQVvrNj/c+0OevfuvrHggEGQcwRvB3hSxymSGWNx9vpERSREREBERAREQEREBERAREQEREBERAREQEREBERAREQRW1VPFY7S3jQqfkKoFzVhTpMaTuC0620cdN7PtNc3zBCykWY1KTXN9pogjeCNR3qjl+0aOH1Uw5zagIMEHKPMLquq+TZKraVV30d/suP+k46An7B9D4qoNtL2GHCAN55Lq2kvJv8K5xg5CIEZnLQ96qytxssX9kymq14GdF/Vk/R3tk+nS6u0S6mPYOrm/dg6jTerpU20swE9s8sIB8iQtMzn5Y7x38LIiq9LbyxkgFz2k8WH4SpGz7T2R+QrAHg4Fv5gF3vx/bnZl+kui+GVmkYg4EcQRHmq5eu2lnpuNKl/OqjLC32QfvP08pTLOYzdMcbldRY6tQNBc4gAak5Ad5VTvPbljZbZqT67oyPsM8zmfAKPtz6lUY7Q6SdGDJje4E5nmc18WSm0aDL5A9FReW5fVfOGT7IC19It4MfLmUmtn2cBj+qZla5ZqhcxriIJaCRwJEwsxvK7BWtdkoRk6pjf+CmMTp5GAPFamrOK2+0OWSakERFapEREBERAREQEREBERAREQEREBUK97N1Fqc1jsqk1Q3L6xOIDudJ/wCyvqpnSFdQe6z18x1bnsLgCcIeAQTG7E0eaq5p8d/pdwX56/aHtgbWaXkZDKOEclWr+9jC8ZbvDNWW9K1JlBzqlRpGQJGRM5DIaOGsrOa9pq1czUJjKXH1iNT6rPPl5b87McdJKja8DQcp3DcANy8jf0HQKU2Wp0SHsr9p4H1hhhp0LQdTrmqlfTAyq5gMhrjB5KUylyuLPZZjtOuvSkQHHXvX1Z7wa72Tmqe9+UKV2esD6zw1m7MncBxPkpXU81Geb4Tte8i0EBzsJ9oA5d5Gi5dlA5tsyzbBI3lc+0VM0nYHHM6EEEO+IXLc1qLZLSAY10y71HKbx8J4feLvfF7guAAEjX2p9HEeELruio6oRAIG9Quzdg62pnoM5V0vDsUw2hTxOcQ1o0xOPD59FyXUWcmGq7dkbLjtNe0nRoFCn+eoR44PJW9R9w3b/D0GUplwEvP2nuzc7PdJMcoUgtWE1Hn55by2IiKSIiIgIiICIiAiIgIiICIiAiIgL4rUmuBa4BzTkQRIPeCvtEGT9JeytOhT6+g1wa9/8xs9lpgwW7xnu0WaXr1rKLHMMB0xGs/D91+j9prIKtlrU3AGWHz1BWF7QBtnqOp4Q+kIlpnIxqCDI1VOWplpoxtuO65rtsza9N/VPfDTTFN9XC1/WEEub2SRgMOGu5u9cN52N4qZ5kjPvjcpS7b0a7+TZrOGYvacJc4zlk5xJAz9/FT3/hmUQC4iTvhziXcGDkoZZyVbjhuKA+kROSmrhvSrZ+yykHl8E7hH3nHQalWC0XYHuwS0ujIFrmOjliGcRoFHvmnW6qo/CdWTGEkgwHjUjeOBA10UdzLxXZjcbuIa8ryl+GuHtc8Yg17SGYXeyWEgHCdzojJcLm4TABj4L1rXPUNQurPBAyxGoHDCNGjOcI3AeSPozU7JJG6eAgZ8P3Vmprwq3l+WnbDUafVdYCwO+qwumI0LozKsOx1iq1bRUtVV8tZNKiBk2dajxxj2QfxLl2U6PKNNjalWpUe9zZLQQ1gkaDCMXjiV6s1nbTa1jGhrWiGgaABcw4rMt13l5+7HUeqIi0MoiIgIiICIiAiIgIiICIiAiIgIiICIiCM2kcRZquH2sJwiYLiM8IyOZiPFZk6y0bW8l2YcJBnPjBPmtdrUg5padCIKyWxWQ0rTWbBDqdQwJmWuzE+B3LN1GP8A009Pl7jtu+6qVDMNAgjLeTzdvULt9Zi6o0tq9UzC2CAToZcAQcic1139tE1rnMqSAXYmGDDmkDlEggiFDW6/WPbhNKo4DSS391Rx4Xe2rvnpwMfVq12PZVkgANaSZBaZD5jgrTtvcLK4GDJzd43HXM8FXbnvKnTgGm9h4xiG/eM/8KVst5g1BicHAmGNDpLnE7mhS5Jfccln5U4bP2lru0wgDeYg85G9WWx3c11Sz0MpLg0zqZzImOEqT2ot9KmS0bszuz4ZJ0Z2d1stDrQX4OpgUwBM5EEmTwy8Spcdyzs2p5O3CeGw0mAAAaAQPBfa/iYgtjG/qIiAiIgIiICIiAiIgIiICIiAiIgIiICIiAsw2qtIp3pGYxsaJGYLoOTgeUaH9tPWQ9KwDbU0tkuLQ50btzfHsn0VfJNxZxe0jbrqa4EObia7OCDkeIn2fBVi8LgfSbip48M5tEEg8hGYVs2ft5q0QXQSBvw/2qRGInlEQsnbcWrulZ5ZrndWjrKjmjhADsuX6rrbYaFnBNJnb/3HHERu7MZSrlbarRLcMSFUr+rspNJ05RP7eq5e61LcnlSL+tRJIJMaukZnzzlXTY3ac2eztDWjrIcGudGDMkiQADn95xWdWu0lz8TjlOnKeAXbdt4w529pOh0j7J5foFpk1PDPfN8rfeu2ltcSH1HjiBDB4AblC1L6quzL3GczqV9PrNcOyHRvbkS3mwnVuWbTmOJXIaAPyR+6exMXXtdaaJllVwH2STh/pdIVzubpSzDbTTH4mSD/AEnL1WXOoEc/VeVQwuy2OXGV+mbtvKlXYKlF4e08N3IjUHkV1r847O7QVbLUFSm6DvG5w4OG8LeNmr9p2uiKjMjo9u9ruHdwKsxy2qyx0lkRFJEREQEREBERAREQEREBERAREQFhO1d59faKlXdjLRnENbk3OQNAt0quABJ0AJPgvzXezy1rxzkeeH+70VXJ+FvF+akbHeLqTsTXeAM/BWiybWtIjzO4eeqpVgs2JoM985L+V6eH4qvwtWy9tqmlsN9r581nt52t9V0vLo3AzHgve2tnMLheCP2zXZHK5qlFu4R88F9UHR4QvKq4yIMzu4L3NPKVNBJ2etGc8Pn4LptUAh252o4HiOHcoQVt3zu/RTbu1SafA93yAoek/b2pODsjru5rnttCF5Wd8Eb1M2+nNJp4qSKuOkaK9dF1+mhaAxx7FSGO5fZPgfQlUWuc4XVdlTC8Lm3dbfqAIuO6LQalClUOrqbXHvLRK7FeziIiAiIgIiICIiAiIgIiICIiCD21vDqLHWfvLcDe9/Z9xJ8F+e7daA4EHeDn7gFvm3Vh66g2nxfPkD+qxXaC62slo9pUZZTu00YY/HaMuGqQO0T3Tr71M2h4IjlJjcOZ4qu2RpaYKlWO7DjvOXqo1LF4Od8/BRVtq7v8KVoNkYVw1bHJ3Tz3rscsRtjZJk/MrtrDIDeuVmRPBSVno4oyJJ0XbXJHEyidwU3YxNJzZzAkeGalrNcr8GLBkeWfqoqgw060ERmJ7pUe6X0nrXt4dXJAHH59ymbxdhZTbOYbJ8f8LxsdDMk7vfouW8q8uy7h7lLaCJeMzK6rAO0O9clVpBg6rqsxghcdfozZI/Q6H/GPTJS6h9kP/is8f7bVMK/H0z32IiLrgiIgIiICIiAiIgIiICIiCL2jH8kumMJBPcTB96pzLvpuJdhBJ1OU+BhX+2WZtRjqbvZc0tPcRCzqzWsMc6k9wxscWk6ThJE8M40Kx9Th53Gvp8/GkbtBsm1zS+mII0HcqvXul7BhIzj1+Srta9pjRyfSLhuIIXAzaWy1nwQWycnEZH6sHhIhV490i66U+6qBLiOGS+rdYHEkBs8PiO/f5K2V7oZTq4m6PzHhr8FI06VEEDIn9FK51GYxWLj2MxtBqCJ18c1LHZqnZ3h1IyeGqtNkcT7Igcdyib8vNlIwXdo7mj3nVV5d9iWPbK7KdYYO00aaZkeWazXaJ4FoJEdwyid0Tr5K81LcxjMbnRlvI9Mlmt5WoVKrnlwMnLu3bynBLtzmqYtZIDWU2lz6mgaJPazgAcz6KxUdhOop0qtqdD6lQDBuGIThJ4yAFbOjOw0DQFdrQas4C85mGgRh4ZH3rg6YbV1bLM6SA2oXmPuYT+q1XH47Z5l8tKptvsqGNFemDPZDhy0xKk0xnHBbVej8dOG5gjXcQd6x68bE6lVc13HIqjjz3bjV+eHiVu3Rvacd30eLcTfJxj0IVnVG6In/AEN44VnerGFXlbcPTFn9qIiKSIiIgIiICIiAiIgIiICIiAsP2ocWW2uBAcahz36z7luCxjpMsPVW7GP9QNf4+yY8QquX0t4r5Vm967gYdmI17+Ktl2bGdZZKNsszi58TUpmDicxxBLDuOWijr0ucvax28j5nyV96K6DqdlfSdo2qY/7AGAqeO45XS/k3jNxX6f0kY82uGRG+RuXXYNnC1xc85Zq43jcDHv62nFOpvMSHfiHHmPVQN63bbnAspsGX1sQg90xuPopXj1UJybVW+dojTcaYER2TGo5j0VQtj6k4xnnllorzS2CtdWpNaG8XEg+Qac1crk2Ls9DNw610auGXg1JhaXORi9a834e0HQdYMemigHMDn5aE71eNvLvFKpVLBhaajoA0Gcqo2GiC4cVHFK+W6dGDGtsQaDJDnFw4TAHoFX+nOl9Hov4Pc3+oA/2rk2evN9C2Uur7THinSqtG7FAa+OTiM+ZVm6Wbv6273u30iHj8p9HFWYZd2CvLHtzUDo02gNRv8JVPaaCaRP1mjMs7xme5eu212SOtbq3XmFG9D1hxXi0kSGU6jj4jB/crxfdl7VSkdxI8N3pCy807cpnGjiy7pcKkuimyuZZC4/XeSO4AN94KuqruxFVv8P1Q1pGD45z54h4KxLdx3eMY+T7UREU0BERAREQEREBERAREQEREBUPpbsQNnp1gO1TfBP3XA/EBXxQG3dHFYLQImKeId7SHT6KOc3ilhdZRTLqeHWdh3gCFb9iWxSf/AMh/KFnWylpHURJyJmStF2JP8p//ACfALDwf26buf+raxoiL0HniIvmo8AEncJQY90o1IJE5F7vOSqRdFHHUa2cpzPDeT5SVYukS0FzmniXHzMrk2XsobQtVZ+jaJa38byGj3n1WHG/HbdlPlpZtiqzX2+nDdcTp7mkie6AtSvWxCtRqUTpUY5vdiESsr6LaJdaw4aMa5x8RhH5lr6u6efG/6p6i/Kf4zHoguGpSfaatRuEtPUAfeaZee6cI81Mba0D1zXZgFgEjeQTM+YVxoUGsxYRGJxce86lQO21KaTCdA/8AtP6Jz4fxU4Mv5YjdhXDrqoAzLASe46equqo+xLx/EOEa0z72q8J0t/jOpmuQREWhnEREBERAREQEREBERAREQF52iiHtcxwkOBBHIiCvRedofha48AT5Bcvp2e2LWam2g59MZgPPPfCv+wNpxCo0CB2THmD8FS7aIcYGZOqt/R9Zf/ZV5BvjqfgvM4Lvkj0uea46uaIi9R5go3aNxFmqRrHxCklF7TH6NU7h71Xy/S/4nxfef6xnaCiKr2kmAPHy8l/b3rdVd4pgQKlYTkdKbZz8XDyUy+mCNMwq5tX1nVUWta5xxVCQ0F2XZGg3yIXm8eVtkelyYyS1auiGsOveONM+jgtZWadEN24RUquYWnJrZBBg5uMHPcFpa9DhmsWDmu8hV/bUfRweDx7nKwKjdJF7tazqQe0AHO5TIbPkV3n+lc4fvHLsVagLQJ+sC34/BaGsVuG1dXUY4E5HU8QRkB5+S2ejUDmhw0IB81T0l8XFd1U8zJ9oiLWyCIiAiIgIiICIiAiIgIiICgdqb1Yyi5rXAuyBAIkb8wu++rd1NIuiSch5EyeUA+iym+a1QhzwQ4SRGRJJ+s7hyAWbqM7J2xp6fjlvdXhTtQfU+c1pGwbps5yz6xwPeAJWZXNRL+rAB5E8Zgz4rY7nsDaNMMb+I/iOsclR0uF77V/VZzskdyIi9B54q9tlaCKOEfWknubHxKsKqPSRasFBv3nEeip59/8AndLeD+yKJSvESRzV22UDXUXjIw+RGeTh+oKzmagbTLoAjFA3EZE8wcW7krZsHaXdfgdEVGSQMoInd/T5rDxY9uUrdzXeNXy72AHIKRXnTpgaL0Xp4zUebbsVW2l2Mp2p5qGrUpucGh2HDBDdMnAq0olxl8Uls9KPR6PmgDFaHmHYgQxjSO7WNVdaFMNaGjQAAeC+0XMcMcfTuWeWXsREUkRERAREQEREBERAREQEREHnXoNe0te0OaRBBEgg7iFEu2SsJM/wtKdZwxnxyU0i5qO7sR1kuKzU46uz0mRphY0R3ZKRREkkc2IiLoLwtVkp1BFRjXjg5ocPIr3RBC1NlLESCbNTkadnTlGkcl2WK6KFEk0qTGE6kNExwnWOS7kXO2fp3dfwL+oi64IiICIiAiIgIiICIiAiIg//2Q==','2025-05-26 13:29:57','2025-05-26 13:29:57',NULL),(8,'onabeitialena@gmail.com','$2b$10$8cpG1r2fF7d3XK4Wt0ziReu0Idy9CfNYAqN2BqYJpiqltqnXXLL8y','2006-03-03',46853992,'data:image/jpeg;base64,/9j/4AAQSkZJRgABAQAAAQABAAD/2wCEAAkGBxITEhUSEhIWFRUWFhgXFRgYFxgXGBcYFhgaFhgVFRcYHSggGholGxYVITEhJSkrLi4uFx8zODMsNygtLisBCgoKDg0OGxAQGy0mHyUrMisvLS0tLSstLS0tLS0tLS0tLS0tLS0tLS0tLS0tLS0tLS0tLS0tLS0tLS0tLS0rLf/AABEIANoA5wMBIgACEQEDEQH/xAAcAAEAAwEBAQEBAAAAAAAAAAAABQYHBAMCCAH/xABAEAABAwEFBAcECAUEAwAAAAABAAIRAwQFEiExBkFRYQcTInGBkaEyscHwJEJSYnKy0eEUI5LC8UNTc4IVMzT/xAAZAQEAAwEBAAAAAAAAAAAAAAAAAgMEAQX/xAAlEQEBAAIBBAICAwEBAAAAAAAAAQIRAwQSITEiMkFRIzNxQhP/2gAMAwEAAhEDEQA/ANxREQEREHxWqhrS5xgAEknQAZklRV27T2Su7BSrtc7c0y0nuDgJ8E2xcRYbSRr1NT8pWP3Vs2alMPkg5EQfWeKrzz7atww7o3hFQNntpq1CKdsl9PQVvrNj/c+0OevfuvrHggEGQcwRvB3hSxymSGWNx9vpERSREREBERAREQEREBERAREQEREBERAREQEREBERAREQRW1VPFY7S3jQqfkKoFzVhTpMaTuC0620cdN7PtNc3zBCykWY1KTXN9pogjeCNR3qjl+0aOH1Uw5zagIMEHKPMLquq+TZKraVV30d/suP+k46An7B9D4qoNtL2GHCAN55Lq2kvJv8K5xg5CIEZnLQ96qytxssX9kymq14GdF/Vk/R3tk+nS6u0S6mPYOrm/dg6jTerpU20swE9s8sIB8iQtMzn5Y7x38LIiq9LbyxkgFz2k8WH4SpGz7T2R+QrAHg4Fv5gF3vx/bnZl+kui+GVmkYg4EcQRHmq5eu2lnpuNKl/OqjLC32QfvP08pTLOYzdMcbldRY6tQNBc4gAak5Ad5VTvPbljZbZqT67oyPsM8zmfAKPtz6lUY7Q6SdGDJje4E5nmc18WSm0aDL5A9FReW5fVfOGT7IC19It4MfLmUmtn2cBj+qZla5ZqhcxriIJaCRwJEwsxvK7BWtdkoRk6pjf+CmMTp5GAPFamrOK2+0OWSakERFapEREBERAREQEREBERAREQEREBUK97N1Fqc1jsqk1Q3L6xOIDudJ/wCyvqpnSFdQe6z18x1bnsLgCcIeAQTG7E0eaq5p8d/pdwX56/aHtgbWaXkZDKOEclWr+9jC8ZbvDNWW9K1JlBzqlRpGQJGRM5DIaOGsrOa9pq1czUJjKXH1iNT6rPPl5b87McdJKja8DQcp3DcANy8jf0HQKU2Wp0SHsr9p4H1hhhp0LQdTrmqlfTAyq5gMhrjB5KUylyuLPZZjtOuvSkQHHXvX1Z7wa72Tmqe9+UKV2esD6zw1m7MncBxPkpXU81Geb4Tte8i0EBzsJ9oA5d5Gi5dlA5tsyzbBI3lc+0VM0nYHHM6EEEO+IXLc1qLZLSAY10y71HKbx8J4feLvfF7guAAEjX2p9HEeELruio6oRAIG9Quzdg62pnoM5V0vDsUw2hTxOcQ1o0xOPD59FyXUWcmGq7dkbLjtNe0nRoFCn+eoR44PJW9R9w3b/D0GUplwEvP2nuzc7PdJMcoUgtWE1Hn55by2IiKSIiIgIiICIiAiIgIiICIiAiIgL4rUmuBa4BzTkQRIPeCvtEGT9JeytOhT6+g1wa9/8xs9lpgwW7xnu0WaXr1rKLHMMB0xGs/D91+j9prIKtlrU3AGWHz1BWF7QBtnqOp4Q+kIlpnIxqCDI1VOWplpoxtuO65rtsza9N/VPfDTTFN9XC1/WEEub2SRgMOGu5u9cN52N4qZ5kjPvjcpS7b0a7+TZrOGYvacJc4zlk5xJAz9/FT3/hmUQC4iTvhziXcGDkoZZyVbjhuKA+kROSmrhvSrZ+yykHl8E7hH3nHQalWC0XYHuwS0ujIFrmOjliGcRoFHvmnW6qo/CdWTGEkgwHjUjeOBA10UdzLxXZjcbuIa8ryl+GuHtc8Yg17SGYXeyWEgHCdzojJcLm4TABj4L1rXPUNQurPBAyxGoHDCNGjOcI3AeSPozU7JJG6eAgZ8P3Vmprwq3l+WnbDUafVdYCwO+qwumI0LozKsOx1iq1bRUtVV8tZNKiBk2dajxxj2QfxLl2U6PKNNjalWpUe9zZLQQ1gkaDCMXjiV6s1nbTa1jGhrWiGgaABcw4rMt13l5+7HUeqIi0MoiIgIiICIiAiIgIiICIiAiIgIiICIiCM2kcRZquH2sJwiYLiM8IyOZiPFZk6y0bW8l2YcJBnPjBPmtdrUg5padCIKyWxWQ0rTWbBDqdQwJmWuzE+B3LN1GP8A009Pl7jtu+6qVDMNAgjLeTzdvULt9Zi6o0tq9UzC2CAToZcAQcic1139tE1rnMqSAXYmGDDmkDlEggiFDW6/WPbhNKo4DSS391Rx4Xe2rvnpwMfVq12PZVkgANaSZBaZD5jgrTtvcLK4GDJzd43HXM8FXbnvKnTgGm9h4xiG/eM/8KVst5g1BicHAmGNDpLnE7mhS5Jfccln5U4bP2lru0wgDeYg85G9WWx3c11Sz0MpLg0zqZzImOEqT2ot9KmS0bszuz4ZJ0Z2d1stDrQX4OpgUwBM5EEmTwy8Spcdyzs2p5O3CeGw0mAAAaAQPBfa/iYgtjG/qIiAiIgIiICIiAiIgIiICIiAiIgIiICIiAsw2qtIp3pGYxsaJGYLoOTgeUaH9tPWQ9KwDbU0tkuLQ50btzfHsn0VfJNxZxe0jbrqa4EObia7OCDkeIn2fBVi8LgfSbip48M5tEEg8hGYVs2ft5q0QXQSBvw/2qRGInlEQsnbcWrulZ5ZrndWjrKjmjhADsuX6rrbYaFnBNJnb/3HHERu7MZSrlbarRLcMSFUr+rspNJ05RP7eq5e61LcnlSL+tRJIJMaukZnzzlXTY3ac2eztDWjrIcGudGDMkiQADn95xWdWu0lz8TjlOnKeAXbdt4w529pOh0j7J5foFpk1PDPfN8rfeu2ltcSH1HjiBDB4AblC1L6quzL3GczqV9PrNcOyHRvbkS3mwnVuWbTmOJXIaAPyR+6exMXXtdaaJllVwH2STh/pdIVzubpSzDbTTH4mSD/AEnL1WXOoEc/VeVQwuy2OXGV+mbtvKlXYKlF4e08N3IjUHkV1r847O7QVbLUFSm6DvG5w4OG8LeNmr9p2uiKjMjo9u9ruHdwKsxy2qyx0lkRFJEREQEREBERAREQEREBERAREQFhO1d59faKlXdjLRnENbk3OQNAt0quABJ0AJPgvzXezy1rxzkeeH+70VXJ+FvF+akbHeLqTsTXeAM/BWiybWtIjzO4eeqpVgs2JoM985L+V6eH4qvwtWy9tqmlsN9r581nt52t9V0vLo3AzHgve2tnMLheCP2zXZHK5qlFu4R88F9UHR4QvKq4yIMzu4L3NPKVNBJ2etGc8Pn4LptUAh252o4HiOHcoQVt3zu/RTbu1SafA93yAoek/b2pODsjru5rnttCF5Wd8Eb1M2+nNJp4qSKuOkaK9dF1+mhaAxx7FSGO5fZPgfQlUWuc4XVdlTC8Lm3dbfqAIuO6LQalClUOrqbXHvLRK7FeziIiAiIgIiICIiAiIgIiICIiCD21vDqLHWfvLcDe9/Z9xJ8F+e7daA4EHeDn7gFvm3Vh66g2nxfPkD+qxXaC62slo9pUZZTu00YY/HaMuGqQO0T3Tr71M2h4IjlJjcOZ4qu2RpaYKlWO7DjvOXqo1LF4Od8/BRVtq7v8KVoNkYVw1bHJ3Tz3rscsRtjZJk/MrtrDIDeuVmRPBSVno4oyJJ0XbXJHEyidwU3YxNJzZzAkeGalrNcr8GLBkeWfqoqgw060ERmJ7pUe6X0nrXt4dXJAHH59ymbxdhZTbOYbJ8f8LxsdDMk7vfouW8q8uy7h7lLaCJeMzK6rAO0O9clVpBg6rqsxghcdfozZI/Q6H/GPTJS6h9kP/is8f7bVMK/H0z32IiLrgiIgIiICIiAiIgIiICIiCL2jH8kumMJBPcTB96pzLvpuJdhBJ1OU+BhX+2WZtRjqbvZc0tPcRCzqzWsMc6k9wxscWk6ThJE8M40Kx9Th53Gvp8/GkbtBsm1zS+mII0HcqvXul7BhIzj1+Srta9pjRyfSLhuIIXAzaWy1nwQWycnEZH6sHhIhV490i66U+6qBLiOGS+rdYHEkBs8PiO/f5K2V7oZTq4m6PzHhr8FI06VEEDIn9FK51GYxWLj2MxtBqCJ18c1LHZqnZ3h1IyeGqtNkcT7Igcdyib8vNlIwXdo7mj3nVV5d9iWPbK7KdYYO00aaZkeWazXaJ4FoJEdwyid0Tr5K81LcxjMbnRlvI9Mlmt5WoVKrnlwMnLu3bynBLtzmqYtZIDWU2lz6mgaJPazgAcz6KxUdhOop0qtqdD6lQDBuGIThJ4yAFbOjOw0DQFdrQas4C85mGgRh4ZH3rg6YbV1bLM6SA2oXmPuYT+q1XH47Z5l8tKptvsqGNFemDPZDhy0xKk0xnHBbVej8dOG5gjXcQd6x68bE6lVc13HIqjjz3bjV+eHiVu3Rvacd30eLcTfJxj0IVnVG6In/AEN44VnerGFXlbcPTFn9qIiKSIiIgIiICIiAiIgIiICIiAsP2ocWW2uBAcahz36z7luCxjpMsPVW7GP9QNf4+yY8QquX0t4r5Vm967gYdmI17+Ktl2bGdZZKNsszi58TUpmDicxxBLDuOWijr0ucvax28j5nyV96K6DqdlfSdo2qY/7AGAqeO45XS/k3jNxX6f0kY82uGRG+RuXXYNnC1xc85Zq43jcDHv62nFOpvMSHfiHHmPVQN63bbnAspsGX1sQg90xuPopXj1UJybVW+dojTcaYER2TGo5j0VQtj6k4xnnllorzS2CtdWpNaG8XEg+Qac1crk2Ls9DNw610auGXg1JhaXORi9a834e0HQdYMemigHMDn5aE71eNvLvFKpVLBhaajoA0Gcqo2GiC4cVHFK+W6dGDGtsQaDJDnFw4TAHoFX+nOl9Hov4Pc3+oA/2rk2evN9C2Uur7THinSqtG7FAa+OTiM+ZVm6Wbv6273u30iHj8p9HFWYZd2CvLHtzUDo02gNRv8JVPaaCaRP1mjMs7xme5eu212SOtbq3XmFG9D1hxXi0kSGU6jj4jB/crxfdl7VSkdxI8N3pCy807cpnGjiy7pcKkuimyuZZC4/XeSO4AN94KuqruxFVv8P1Q1pGD45z54h4KxLdx3eMY+T7UREU0BERAREQEREBERAREQEREBUPpbsQNnp1gO1TfBP3XA/EBXxQG3dHFYLQImKeId7SHT6KOc3ilhdZRTLqeHWdh3gCFb9iWxSf/AMh/KFnWylpHURJyJmStF2JP8p//ACfALDwf26buf+raxoiL0HniIvmo8AEncJQY90o1IJE5F7vOSqRdFHHUa2cpzPDeT5SVYukS0FzmniXHzMrk2XsobQtVZ+jaJa38byGj3n1WHG/HbdlPlpZtiqzX2+nDdcTp7mkie6AtSvWxCtRqUTpUY5vdiESsr6LaJdaw4aMa5x8RhH5lr6u6efG/6p6i/Kf4zHoguGpSfaatRuEtPUAfeaZee6cI81Mba0D1zXZgFgEjeQTM+YVxoUGsxYRGJxce86lQO21KaTCdA/8AtP6Jz4fxU4Mv5YjdhXDrqoAzLASe46equqo+xLx/EOEa0z72q8J0t/jOpmuQREWhnEREBERAREQEREBERAREQF52iiHtcxwkOBBHIiCvRedofha48AT5Bcvp2e2LWam2g59MZgPPPfCv+wNpxCo0CB2THmD8FS7aIcYGZOqt/R9Zf/ZV5BvjqfgvM4Lvkj0uea46uaIi9R5go3aNxFmqRrHxCklF7TH6NU7h71Xy/S/4nxfef6xnaCiKr2kmAPHy8l/b3rdVd4pgQKlYTkdKbZz8XDyUy+mCNMwq5tX1nVUWta5xxVCQ0F2XZGg3yIXm8eVtkelyYyS1auiGsOveONM+jgtZWadEN24RUquYWnJrZBBg5uMHPcFpa9DhmsWDmu8hV/bUfRweDx7nKwKjdJF7tazqQe0AHO5TIbPkV3n+lc4fvHLsVagLQJ+sC34/BaGsVuG1dXUY4E5HU8QRkB5+S2ejUDmhw0IB81T0l8XFd1U8zJ9oiLWyCIiAiIgIiICIiAiIgIiICgdqb1Yyi5rXAuyBAIkb8wu++rd1NIuiSch5EyeUA+iym+a1QhzwQ4SRGRJJ+s7hyAWbqM7J2xp6fjlvdXhTtQfU+c1pGwbps5yz6xwPeAJWZXNRL+rAB5E8Zgz4rY7nsDaNMMb+I/iOsclR0uF77V/VZzskdyIi9B54q9tlaCKOEfWknubHxKsKqPSRasFBv3nEeip59/8AndLeD+yKJSvESRzV22UDXUXjIw+RGeTh+oKzmagbTLoAjFA3EZE8wcW7krZsHaXdfgdEVGSQMoInd/T5rDxY9uUrdzXeNXy72AHIKRXnTpgaL0Xp4zUebbsVW2l2Mp2p5qGrUpucGh2HDBDdMnAq0olxl8Uls9KPR6PmgDFaHmHYgQxjSO7WNVdaFMNaGjQAAeC+0XMcMcfTuWeWXsREUkRERAREQEREBERAREQEREHnXoNe0te0OaRBBEgg7iFEu2SsJM/wtKdZwxnxyU0i5qO7sR1kuKzU46uz0mRphY0R3ZKRREkkc2IiLoLwtVkp1BFRjXjg5ocPIr3RBC1NlLESCbNTkadnTlGkcl2WK6KFEk0qTGE6kNExwnWOS7kXO2fp3dfwL+oi64IiICIiAiIgIiICIiAiIg//2Q==','2025-05-26 13:32:19','2025-05-26 13:32:19',NULL);
/*!40000 ALTER TABLE `usuarios` ENABLE KEYS */;
UNLOCK TABLES;
/*!40103 SET TIME_ZONE=@OLD_TIME_ZONE */;

/*!40101 SET SQL_MODE=@OLD_SQL_MODE */;
/*!40014 SET FOREIGN_KEY_CHECKS=@OLD_FOREIGN_KEY_CHECKS */;
/*!40014 SET UNIQUE_CHECKS=@OLD_UNIQUE_CHECKS */;
/*!40101 SET CHARACTER_SET_CLIENT=@OLD_CHARACTER_SET_CLIENT */;
/*!40101 SET CHARACTER_SET_RESULTS=@OLD_CHARACTER_SET_RESULTS */;
/*!40101 SET COLLATION_CONNECTION=@OLD_COLLATION_CONNECTION */;
/*!40111 SET SQL_NOTES=@OLD_SQL_NOTES */;

-- Dump completed on 2025-05-26 11:23:05
